EmployeeKey;ParentEmployeeKey;EmployeeNationalIDAlternateKey;ParentEmployeeNationalIDAlternateKey;FirstName;LastName;MiddleName;NameStyle;Title;HireDate;BirthDate;LoginID;EmailAddress;Phone;MaritalStatus;EmergencyContactName;EmergencyContactPhone;SalariedFlag;Gender;PayFrequency;BaseRate;VacationHours;SickLeaveHours;CurrentFlag;SalesPersonFlag;DepartmentName;Position
1;18;14417807;446466105;Guy;Gilbert;R;FALSE;Production Technician - WC60;28/01/2006;12/11/1981;AW\guy-gilbert;guy-gilbert@adventureworks.com;320-555-0195;M;Guy Gilbert;320-555-0195;FALSE;M;1;12,45;21;30;TRUE;FALSE;Production;
2;7;253022876;24756624;Kevin;Brown;F;FALSE;Marketing Assistant;26/08/2006;01/12/1986;AW\kevin-brown;kevin-brown@adventureworks.com;150-555-0189;S;Kevin Brown;150-555-0189;FALSE;M;2;13,4615;42;41;TRUE;FALSE;Marketing;
3;14;509647174;245797967;Roberto;Tamburello;;FALSE;Engineering Manager;11/06/2007;12/06/1974;AW\roberto-tamburello;roberto-tamburello@adventureworks.com;212-555-0187;M;Roberto Tamburello;212-555-0187;TRUE;M;2;43,2692;2;21;TRUE;FALSE;Engineering;
4;3;112457891;509647174;Rob;Walters;;FALSE;Senior Tool Designer;05/07/2007;23/07/1974;AW\rob-walters;rob-walters@adventureworks.com;612-555-0100;S;Rob Walters;612-555-0100;FALSE;M;2;29,8462;48;80;TRUE;FALSE;Tool Design;
5;3;112457891;509647174;Rob;Walters;;FALSE;Senior Tool Designer;05/07/2007;23/07/1974;AW\rob-walters;rob-walters@adventureworks.com;612-555-0100;S;Rob Walters;612-555-0100;FALSE;M;2;29,8462;48;80;TRUE;FALSE;Tool Design;
6;267;480168528;974026903;Thierry;D'Hers;B;FALSE;Tool Designer;11/07/2007;26/02/1959;AW\thierry-dhers;thierry-dhers@adventureworks.com;168-555-0183;M;Thierry D'Hers;168-555-0183;FALSE;M;2;25;9;24;TRUE;FALSE;Tool Design;
7;112;24756624;295847284;David;Bradley;M;FALSE;Marketing Manager;20/07/2007;17/10/1974;AW\david-bradley;david-bradley@adventureworks.com;913-555-0172;S;David Bradley;913-555-0172;TRUE;M;2;37,5;40;40;TRUE;FALSE;Marketing;
8;112;24756624;295847284;David;Bradley;M;FALSE;Marketing Manager;20/07/2007;17/10/1974;AW\david-bradley;david-bradley@adventureworks.com;913-555-0172;S;David Bradley;913-555-0172;TRUE;M;2;37,5;40;40;TRUE;FALSE;Marketing;
9;23;309738752;277173473;JoLynn;Dobney;M;FALSE;Production Supervisor - WC60;26/07/2007;16/08/1955;AW\jolynn-dobney;jolynn-dobney@adventureworks.com;903-555-0145;S;JoLynn Dobney;903-555-0145;FALSE;F;2;25;82;61;TRUE;FALSE;Production;
10;189;690627818;33237992;Ruth;Ellerbrock;Ann;FALSE;Production Technician - WC10;06/08/2007;03/01/1956;AW\ruth-ellerbrock;ruth-ellerbrock@adventureworks.com;145-555-0130;M;Ruth Ellerbrock;145-555-0130;FALSE;F;1;13,45;83;61;TRUE;FALSE;Production;
11;3;695256908;509647174;Gail;Erickson;A;FALSE;Design Engineer;06/08/2007;27/04/1952;AW\gail-erickson;gail-erickson@adventureworks.com;849-555-0139;M;Gail Erickson;849-555-0139;TRUE;F;2;32,6923;5;22;TRUE;FALSE;Engineering;
12;189;912265825;33237992;Barry;Johnson;K;FALSE;Production Technician - WC10;07/08/2007;25/10/1955;AW\barry-johnson;barry-johnson@adventureworks.com;206-555-0180;S;Barry Johnson;206-555-0180;FALSE;M;1;13,45;88;64;TRUE;FALSE;Production;
13;3;998320692;509647174;Jossef;Goldberg;H;FALSE;Design Engineer;24/08/2007;09/10/1958;AW\jossef-goldberg;jossef-goldberg@adventureworks.com;122-555-0189;M;Jossef Goldberg;122-555-0189;TRUE;M;2;32,6923;6;23;TRUE;FALSE;Engineering;
14;112;245797967;295847284;Terri;Duffy;Lee;FALSE;Vice President of Engineering;31/08/2007;01/03/1971;AW\terri-duffy;terri-duffy@adventureworks.com;819-555-0175;S;Terri Duffy;819-555-0175;TRUE;F;2;63,4615;1;20;TRUE;FALSE;Engineering;
15;189;844973625;33237992;Sidney;Higa;M;FALSE;Production Technician - WC10;02/09/2007;30/03/1956;AW\sidney-higa;sidney-higa@adventureworks.com;424-555-0189;M;Sidney Higa;424-555-0189;FALSE;M;1;13,45;84;62;TRUE;FALSE;Production;
16;23;233069302;277173473;Taylor;Maxwell;R;FALSE;Production Supervisor - WC50;08/09/2007;31/10/1955;AW\taylor-maxwell;taylor-maxwell@adventureworks.com;508-555-0165;M;Taylor Maxwell;508-555-0165;FALSE;M;2;25;79;59;TRUE;FALSE;Production;
17;189;132674823;33237992;Jeffrey;Ford;L;FALSE;Production Technician - WC10;20/09/2007;09/02/1956;AW\jeffrey-ford;jeffrey-ford@adventureworks.com;984-555-0185;S;Jeffrey Ford;984-555-0185;FALSE;M;1;13,45;85;62;TRUE;FALSE;Production;
18;23;446466105;277173473;Jo;Brown;A;FALSE;Production Supervisor - WC60;27/09/2007;08/05/1956;AW\jo-brown;jo-brown@adventureworks.com;632-555-0129;S;Jo Brown;632-555-0129;FALSE;F;2;25;80;60;TRUE;FALSE;Production;
19;189;565090917;33237992;Doris;Hartwig;M;FALSE;Production Technician - WC10;09/10/2007;03/11/1955;AW\doris-hartwig;doris-hartwig@adventureworks.com;328-555-0150;M;Doris Hartwig;328-555-0150;FALSE;F;1;13,45;86;63;TRUE;FALSE;Production;
20;23;494170342;277173473;John;Campbell;T;FALSE;Production Supervisor - WC60;16/10/2007;07/03/1956;AW\john-campbell;john-campbell@adventureworks.com;435-555-0113;M;John Campbell;435-555-0113;FALSE;M;2;25;81;60;TRUE;FALSE;Production;
21;189;9659517;33237992;Diane;Glimp;R;FALSE;Production Technician - WC10;27/10/2007;28/10/1955;AW\diane-glimp;diane-glimp@adventureworks.com;202-555-0151;M;Diane Glimp;202-555-0151;FALSE;F;1;13,45;87;63;TRUE;FALSE;Production;
22;177;443968955;578935259;Steven;Selikoff;T;FALSE;Production Technician - WC30;01/07/2008;12/12/1976;AW\steven-selikoff;steven-selikoff@adventureworks.com;925-555-0114;M;Steven Selikoff;925-555-0114;FALSE;M;1;9,5;41;40;TRUE;FALSE;Production;
23;112;277173473;295847284;Peter;Krebs;J;FALSE;Production Control Manager;01/07/2008;03/06/1982;AW\peter-krebs;peter-krebs@adventureworks.com;913-555-0196;M;Peter Krebs;913-555-0196;TRUE;M;2;24,5192;43;41;TRUE;FALSE;Production Control;
24;201;835460180;332349500;Stuart;Munson;V;FALSE;Production Technician - WC45;02/07/2008;13/04/1962;AW\stuart-munson;stuart-munson@adventureworks.com;413-555-0136;S;Stuart Munson;413-555-0136;FALSE;M;1;10;84;62;TRUE;FALSE;Production;
25;201;687685941;332349500;Greg;Alderson;F;FALSE;Production Technician - WC45;02/07/2008;15/11/1975;AW\greg-alderson;greg-alderson@adventureworks.com;332-555-0150;S;Greg Alderson;332-555-0150;FALSE;M;1;10;85;62;TRUE;FALSE;Production;
26;188;498138869;60114406;David;Johnson;N;FALSE;Production Technician - WC30;02/07/2008;02/06/1979;SQLSERVER2017\LabUser;david-johnson@adventureworks.com;166-555-0162;S;David Johnson;166-555-0162;FALSE;M;1;9,5;25;32;TRUE;FALSE;Production;
27;23;360868122;277173473;Zheng;Mu;W;FALSE;Production Supervisor - WC10;03/07/2008;26/05/1983;AW\zheng-mu;zheng-mu@adventureworks.com;113-555-0173;S;Zheng Mu;113-555-0173;FALSE;M;2;25;66;53;TRUE;FALSE;Production;
28;111;964089218;45615666;Ivo;Salmre;William;FALSE;Production Technician - WC20;04/07/2008;03/08/1981;AW\ivo-salmre;ivo-salmre@adventureworks.com;115-555-0179;M;Ivo Salmre;115-555-0179;FALSE;M;1;14;9;24;TRUE;FALSE;Production;
29;89;384162788;750905084;Paul;Komosinski;B;FALSE;Production Technician - WC40;04/07/2008;13/06/1980;AW\paul-komosinski;paul-komosinski@adventureworks.com;147-555-0160;S;Paul Komosinski;147-555-0160;FALSE;M;1;15;68;54;TRUE;FALSE;Production;
30;154;749389530;858323870;Ashvini;Sharma;R;FALSE;Network Administrator;04/07/2008;25/10/1976;AW\ashvini-sharma;ashvini-sharma@adventureworks.com;656-555-0119;S;Ashvini Sharma;656-555-0119;FALSE;M;2;32,4519;70;55;TRUE;FALSE;Information Services;
31;16;571658797;233069302;Kendall;Keil;C;FALSE;Production Technician - WC50;05/07/2008;28/12/1985;AW\kendall-keil;kendall-keil@adventureworks.com;138-555-0128;M;Kendall Keil;138-555-0128;FALSE;M;1;11;11;25;TRUE;FALSE;Production;
32;143;535145551;184188301;Paula;Barreto de Mattos;M;FALSE;Human Resources Manager;06/07/2008;11/09/1975;AW\paula-barreto;paula-barreto-de-mattos@adventureworks.com;523-555-0175;M;Paula Barreto de Mattos;523-555-0175;TRUE;F;2;27,1394;54;47;TRUE;FALSE;Human Resources;
33;214;761597760;634335025;Alejandro;McGuel;E;FALSE;Production Technician - WC40;06/07/2008;05/07/1988;AW\alejandro-mcguel;alejandro-mcguel@adventureworks.com;668-555-0130;S;Alejandro McGuel;668-555-0130;FALSE;M;1;15;52;46;TRUE;FALSE;Production;
34;188;271438431;60114406;Garrett;Young;R;FALSE;Production Technician - WC30;07/07/2008;25/03/1984;AW\garrett-young;garrett-young@adventureworks.com;609-555-0179;S;Garrett Young;609-555-0179;FALSE;M;1;9,5;34;37;TRUE;FALSE;Production;
35;138;160739235;386315192;Jian Shuo;Wang;;FALSE;Production Technician - WC30;07/07/2008;24/02/1983;AW\jian shuo-wang;jian shuo-wang@adventureworks.com;952-555-0178;S;Jian Shuo Wang;952-555-0178;FALSE;M;1;9,5;36;38;TRUE;FALSE;Production;
36;87;586486572;521265716;Susan;Eaton;W;FALSE;Stocker;07/07/2008;17/09/1977;AW\susan-eaton;susan-eaton@adventureworks.com;943-555-0196;S;Susan Eaton;943-555-0196;FALSE;F;1;9;97;68;TRUE;FALSE;Shipping and Receiving;
37;87;337752649;521265716;Vamsi;Kuppa;N;FALSE;Shipping and Receiving Clerk;07/07/2008;16/10/1976;AW\vamsi-kuppa;vamsi-kuppa@adventureworks.com;937-555-0137;M;Vamsi Kuppa;937-555-0137;FALSE;M;2;9,5;95;67;TRUE;FALSE;Shipping and Receiving;
38;40;113695504;630184120;Alice;Ciccu;O;FALSE;Production Technician - WC50;07/07/2008;26/08/1977;AW\alice-ciccu;alice-ciccu@adventureworks.com;333-555-0173;M;Alice Ciccu;333-555-0173;FALSE;F;1;11;95;67;TRUE;FALSE;Production;
39;9;276751903;309738752;Simon;Rapier;D;FALSE;Production Technician - WC60;08/07/2008;15/12/1989;AW\simon-rapier;simon-rapier@adventureworks.com;963-555-0134;S;Simon Rapier;963-555-0134;FALSE;M;1;12,45;38;39;TRUE;FALSE;Production;
40;23;630184120;277173473;Jinghao;Liu;K;FALSE;Production Supervisor - WC50;08/07/2008;05/09/1988;AW\jinghao-liu;jinghao-liu@adventureworks.com;794-555-0159;S;Jinghao Liu;794-555-0159;FALSE;M;2;25;77;58;TRUE;FALSE;Production;
41;186;545337468;862951447;Michael;Hines;T;FALSE;Production Technician - WC20;09/07/2008;15/12/1989;AW\michael-hines;michael-hines@adventureworks.com;218-555-0126;S;Michael Hines;218-555-0126;FALSE;M;1;14;20;30;TRUE;FALSE;Production;
42;163;713403643;551834634;Yvonne;McKay;S;FALSE;Production Technician - WC45;09/07/2008;13/11/1988;AW\yvonne-mckay;yvonne-mckay@adventureworks.com;286-555-0189;M;Yvonne McKay;286-555-0189;FALSE;F;1;10;79;59;TRUE;FALSE;Production;
43;204;885055826;398223854;Peng;Wu;J;FALSE;Quality Assurance Supervisor;09/07/2008;17/10/1975;AW\peng-wu;peng-wu@adventureworks.com;164-555-0164;M;Peng Wu;164-555-0164;TRUE;M;2;21,6346;81;60;TRUE;FALSE;Quality Assurance;
44;112;441044382;295847284;Jean;Trenary;E;FALSE;Information Services Manager;11/07/2008;13/07/1975;AW\jean-trenary;jean-trenary@adventureworks.com;685-555-0120;S;Jean Trenary;685-555-0120;TRUE;F;2;50,4808;65;52;TRUE;FALSE;Information Services;
45;76;718299860;778552911;Russell;Hunter;;FALSE;Production Technician - WC50;12/07/2008;25/06/1972;AW\russell-hunter;russell-hunter@adventureworks.com;786-555-0144;M;Russell Hunter;786-555-0144;FALSE;M;1;11;6;23;TRUE;FALSE;Production;
46;23;685233686;277173473;A. Scott;Wright;;FALSE;Master Scheduler;12/07/2008;17/04/1968;AW\a-scott-wright;a-scott-wright@adventureworks.com;992-555-0194;S;A. Scott Wright;992-555-0194;FALSE;M;2;23,5577;44;42;TRUE;FALSE;Production Control;
47;214;295971920;634335025;Fred;Northup;T;FALSE;Production Technician - WC40;12/07/2008;23/01/1989;AW\fred-northup;fred-northup@adventureworks.com;818-555-0192;S;Fred Northup;818-555-0192;FALSE;M;1;15;47;43;TRUE;FALSE;Production;
48;7;95958330;24756624;Sariya;Harnpadoungsataya;E;FALSE;Marketing Specialist;12/07/2008;19/12/1986;AW\sariya-harnpadoungsataya;sariya-harnpadoungsataya@adventureworks.com;399-555-0176;S;Sariya Harnpadoungsataya;399-555-0176;FALSE;M;2;14,4231;45;42;TRUE;FALSE;Marketing;
49;32;332040978;535145551;Willis;Johnson;T;FALSE;Recruiter;13/07/2008;15/02/1978;AW\willis-johnson;willis-johnson@adventureworks.com;778-555-0141;S;Willis Johnson;778-555-0141;FALSE;M;2;18,2692;49;44;TRUE;FALSE;Human Resources;
50;40;857651804;630184120;Jun;Cao;T;FALSE;Production Technician - WC50;14/07/2008;03/02/1979;AW\jun-cao;jun-cao@adventureworks.com;299-555-0113;S;Jun Cao;299-555-0113;FALSE;M;1;11;90;65;TRUE;FALSE;Production;
51;222;553069203;141165819;Christian;Kleinerman;E;FALSE;Maintenance Supervisor;14/07/2008;18/08/1975;AW\christian-kleinerman;christian-kleinerman@adventureworks.com;846-555-0157;M;Christian Kleinerman;846-555-0157;TRUE;M;2;20,4327;92;66;TRUE;FALSE;Facilities and Maintenance;
52;188;351069889;60114406;Susan;Metters;A;FALSE;Production Technician - WC30;14/07/2008;31/10/1982;AW\susan-metters;susan-metters@adventureworks.com;639-555-0164;S;Susan Metters;639-555-0164;FALSE;F;1;9,5;31;35;TRUE;FALSE;Production;
53;23;370989364;277173473;Reuben;D'sa;H;FALSE;Production Supervisor - WC40;15/07/2008;27/03/1987;AW\reuben-dsa;reuben-dsa@adventureworks.com;191-555-0112;M;Reuben D'sa;191-555-0112;FALSE;M;2;25;72;56;TRUE;FALSE;Production;
54;126;275962311;712885347;Kirk;Koenigsbauer;J;FALSE;Production Technician - WC45;15/07/2008;06/09/1984;AW\kirk-koenigsbauer;kirk-koenigsbauer@adventureworks.com;669-555-0150;S;Kirk Koenigsbauer;669-555-0150;FALSE;M;1;10;74;57;TRUE;FALSE;Production;
55;20;36151748;494170342;David;Ortiz;J;FALSE;Production Technician - WC60;15/07/2008;29/07/1984;SQLSERVER2017\LabUser;david-ortiz@adventureworks.com;712-555-0119;M;David Ortiz;712-555-0119;FALSE;M;1;12,45;33;36;TRUE;FALSE;Production;
56;92;540688287;345106466;Tengiz;Kharatishvili;N;FALSE;Control Specialist;16/07/2008;26/11/1989;AW\tengiz-kharatishvili;tengiz-kharatishvili@adventureworks.com;910-555-0116;S;Tengiz Kharatishvili;910-555-0116;FALSE;M;2;16,8269;76;58;TRUE;FALSE;Document Control;
57;147;568596888;319472946;Hanying;Feng;P;FALSE;Production Technician - WC20;16/07/2008;16/05/1974;AW\hanying-feng;hanying-feng@adventureworks.com;319-555-0139;S;Hanying Feng;319-555-0139;FALSE;M;1;14;15;27;TRUE;FALSE;Production;
58;214;918737118;634335025;Kevin;Liu;H;FALSE;Production Technician - WC40;17/07/2008;25/07/1985;AW\kevin-liu;kevin-liu@adventureworks.com;714-555-0138;S;Kevin Liu;714-555-0138;FALSE;M;1;15;58;49;TRUE;FALSE;Production;
59;18;801758002;446466105;Annik;Stahl;O;FALSE;Production Technician - WC60;17/07/2008;26/07/1976;AW\annik-stahl;annik-stahl@adventureworks.com;499-555-0125;M;Annik Stahl;499-555-0125;FALSE;M;1;12,45;17;28;TRUE;FALSE;Production;
60;40;415823523;630184120;Suroor;Fatima;R;FALSE;Production Technician - WC50;17/07/2008;25/09/1977;AW\suroor-fatima;suroor-fatima@adventureworks.com;932-555-0161;S;Suroor Fatima;932-555-0161;FALSE;M;1;11;93;66;TRUE;FALSE;Production;
61;142;363923697;30845;Deborah;Poe;E;FALSE;Accounts Receivable Specialist;18/07/2008;05/10/1975;AW\deborah-poe;deborah-poe@adventureworks.com;602-555-0194;M;Deborah Poe;602-555-0194;FALSE;F;2;19;60;50;TRUE;FALSE;Finance;
62;76;674171828;778552911;Jim;Scardelis;H;FALSE;Production Technician - WC50;19/07/2008;08/04/1986;AW\jim-scardelis;jim-scardelis@adventureworks.com;679-555-0113;M;Jim Scardelis;679-555-0113;FALSE;M;1;11;1;20;TRUE;FALSE;Production;
63;177;138280935;578935259;Carole;Poland;M;FALSE;Production Technician - WC30;19/07/2008;19/05/1983;AW\carole-poland;carole-poland@adventureworks.com;688-555-0192;M;Carole Poland;688-555-0192;FALSE;F;1;9,5;42;41;TRUE;FALSE;Production;
64;188;476115505;60114406;George;Li;Z;FALSE;Production Technician - WC30;21/07/2008;14/11/1976;AW\george-li;george-li@adventureworks.com;518-555-0199;M;George Li;518-555-0199;FALSE;M;1;9,5;26;33;TRUE;FALSE;Production;
65;89;502058701;750905084;Gary;Yukish;W;FALSE;Production Technician - WC40;22/07/2008;15/12/1987;AW\gary-yukish;gary-yukish@adventureworks.com;901-555-0125;S;Gary Yukish;901-555-0125;FALSE;M;1;15;69;54;TRUE;FALSE;Production;
66;23;7201901;277173473;Cristian;Petculescu;K;FALSE;Production Supervisor - WC10;22/07/2008;10/11/1983;AW\cristian-petculescu;cristian-petculescu@adventureworks.com;434-555-0133;M;Cristian Petculescu;434-555-0133;FALSE;M;2;25;67;53;TRUE;FALSE;Production;
67;147;97728960;319472946;Raymond;Sam;K;FALSE;Production Technician - WC20;23/07/2008;30/09/1966;AW\raymond-sam;raymond-sam@adventureworks.com;226-555-0197;M;Raymond Sam;226-555-0197;FALSE;M;1;14;10;25;TRUE;FALSE;Production;
68;44;525932996;441044382;Janaina;Bueno;Barreiro Gambaro;FALSE;Application Specialist;23/07/2008;30/08/1984;AW\janaina-bueno;janaina-bueno@adventureworks.com;623-555-0155;M;Janaina Bueno;623-555-0155;TRUE;F;2;27,4038;71;55;TRUE;FALSE;Information Services;
69;16;843479922;233069302;Bob;Hohman;N;FALSE;Production Technician - WC50;24/07/2008;16/03/1979;AW\bob-hohman;bob-hohman@adventureworks.com;611-555-0116;S;Bob Hohman;611-555-0116;FALSE;M;1;11;12;26;TRUE;FALSE;Production;
70;214;370487086;634335025;Shammi;Mohamed;G;FALSE;Production Technician - WC40;24/07/2008;04/05/1980;AW\shammi-mohamed;shammi-mohamed@adventureworks.com;793-555-0179;M;Shammi Mohamed;793-555-0179;FALSE;M;1;15;53;46;TRUE;FALSE;Production;
71;40;54759846;630184120;Linda;Moschell;K;FALSE;Production Technician - WC50;25/07/2008;14/02/1987;AW\linda-moschell;linda-moschell@adventureworks.com;612-555-0171;M;Linda Moschell;612-555-0171;FALSE;F;1;11;96;68;TRUE;FALSE;Production;
72;32;619308550;535145551;Mindy;Martin;C;FALSE;Benefits Specialist;25/07/2008;20/06/1984;AW\mindy-martin;mindy-martin@adventureworks.com;522-555-0147;M;Mindy Martin;522-555-0147;FALSE;F;2;16,5865;51;45;TRUE;FALSE;Human Resources;
73;143;121491555;184188301;Wendy;Kahn;Beth;FALSE;Finance Manager;25/07/2008;11/05/1984;AW\wendy-kahn;wendy-kahn@adventureworks.com;248-555-0134;S;Wendy Kahn;248-555-0134;TRUE;F;2;43,2692;55;47;TRUE;FALSE;Finance;
74;87;420776180;521265716;Kim;Ralls;T;FALSE;Stocker;26/07/2008;29/11/1983;AW\kim-ralls;kim-ralls@adventureworks.com;309-555-0129;S;Kim Ralls;309-555-0129;FALSE;F;1;9;98;69;TRUE;FALSE;Shipping and Receiving;
75;138;604664374;386315192;Sandra;Reátegui Alayo;;FALSE;Production Technician - WC30;26/07/2008;05/06/1975;AW\sandra-reategui;sandra-reategui-alayo@adventureworks.com;896-555-0168;M;Sandra Reátegui Alayo;896-555-0168;FALSE;F;1;9,5;37;38;TRUE;FALSE;Production;
76;23;778552911;277173473;Kok-Ho;Loh;T;FALSE;Production Supervisor - WC50;27/07/2008;27/11/1979;AW\kok-ho-loh;kok-ho-loh@adventureworks.com;999-555-0155;S;Kok-Ho Loh;999-555-0155;FALSE;M;2;25;78;59;TRUE;FALSE;Production;
77;163;435234965;551834634;Douglas;Hite;B;FALSE;Production Technician - WC45;27/07/2008;24/06/1985;AW\douglas-hite;douglas-hite@adventureworks.com;808-555-0172;M;Douglas Hite;808-555-0172;FALSE;M;1;10;80;60;TRUE;FALSE;Production;
78;9;339712426;309738752;James;Kramer;D;FALSE;Production Technician - WC60;27/07/2008;23/02/1984;AW\james-kramer;james-kramer@adventureworks.com;119-555-0117;M;James Kramer;119-555-0117;FALSE;M;1;12,45;39;39;TRUE;FALSE;Production;
79;43;403414852;885055826;Sean;Alexander;P;FALSE;Quality Assurance Technician;28/07/2008;05/10/1975;AW\sean-alexander;sean-alexander@adventureworks.com;420-555-0173;S;Sean Alexander;420-555-0173;FALSE;M;2;10,5769;82;61;TRUE;FALSE;Quality Assurance;
80;186;368920189;862951447;Nitin;Mirchandani;S;FALSE;Production Technician - WC20;28/07/2008;01/07/1986;AW\nitin-mirchandani;nitin-mirchandani@adventureworks.com;143-555-0173;S;Nitin Mirchandani;143-555-0173;FALSE;M;1;14;21;30;TRUE;FALSE;Production;
81;162;811994146;134969118;Diane;Margheim;L;FALSE;Research and Development Engineer;29/07/2008;03/01/1986;AW\diane-margheim;diane-margheim@adventureworks.com;815-555-0138;S;Diane Margheim;815-555-0138;TRUE;F;2;40,8654;62;51;TRUE;FALSE;Research and Development;
82;18;330211482;446466105;Rebecca;Laszlo;A;FALSE;Production Technician - WC60;29/07/2008;04/02/1988;AW\rebecca-laszlo;rebecca-laszlo@adventureworks.com;314-555-0113;M;Rebecca Laszlo;314-555-0113;FALSE;F;1;12,45;23;31;TRUE;FALSE;Production;
83;214;632092621;634335025;Rajesh;Patel;M;FALSE;Production Technician - WC40;31/07/2008;04/05/1977;AW\rajesh-patel;rajesh-patel@adventureworks.com;373-555-0137;M;Rajesh Patel;373-555-0137;FALSE;M;1;15;48;44;TRUE;FALSE;Production;
84;32;264306399;535145551;Vidur;Luthra;X;FALSE;Recruiter;01/08/2008;01/03/1984;AW\vidur-luthra;vidur-luthra@adventureworks.com;153-555-0186;S;Vidur Luthra;153-555-0186;FALSE;M;2;18,2692;50;45;TRUE;FALSE;Human Resources;
85;40;981597097;630184120;John;Evans;P;FALSE;Production Technician - WC50;01/08/2008;29/12/1977;AW\john-evans;john-evans@adventureworks.com;172-555-0130;S;John Evans;172-555-0130;FALSE;M;1;11;91;65;TRUE;FALSE;Production;
86;9;693325305;309738752;Nancy;Anderson;A;FALSE;Production Technician - WC60;02/08/2008;19/06/1988;AW\nancy-anderson;nancy-anderson@adventureworks.com;970-555-0118;M;Nancy Anderson;970-555-0118;FALSE;F;1;12,45;34;37;TRUE;FALSE;Production;
87;23;521265716;277173473;Pilar;Ackerman;G;FALSE;Shipping and Receiving Supervisor;02/08/2008;09/04/1972;AW\pilar-ackerman;pilar-ackerman@adventureworks.com;577-555-0185;S;Pilar Ackerman;577-555-0185;TRUE;M;2;19,2308;93;66;TRUE;FALSE;Shipping and Receiving;
88;188;746373306;60114406;David;Yalovsky;A;FALSE;Production Technician - WC30;02/08/2008;03/03/1981;SQLSERVER2017\LabUser;david-yalovsky@adventureworks.com;373-555-0142;S;David Yalovsky;373-555-0142;FALSE;M;1;9,5;32;36;TRUE;FALSE;Production;
89;23;750905084;277173473;David;Hamilton;P;FALSE;Production Supervisor - WC40;03/08/2008;30/01/1983;SQLSERVER2017\LabUser;david-hamilton@adventureworks.com;986-555-0177;S;David Hamilton;986-555-0177;FALSE;M;2;25;73;56;TRUE;FALSE;Production;
90;126;514829225;712885347;Laura;Steele;C;FALSE;Production Technician - WC45;03/08/2008;25/07/1980;AW\laura-steele;laura-steele@adventureworks.com;777-555-0141;S;Laura Steele;777-555-0141;FALSE;F;1;10;75;57;TRUE;FALSE;Production;
91;18;750246141;446466105;Margie;Shoop;W;FALSE;Production Technician - WC60;04/08/2008;18/12/1985;AW\margie-shoop;margie-shoop@adventureworks.com;818-555-0128;M;Margie Shoop;818-555-0128;FALSE;F;1;12,45;18;29;TRUE;FALSE;Production;
92;204;345106466;398223854;Zainal;Arifin;T;FALSE;Document Control Manager;04/08/2008;30/08/1975;AW\zainal-arifin;zainal-arifin@adventureworks.com;204-555-0115;M;Zainal Arifin;204-555-0115;FALSE;M;2;17,7885;77;58;TRUE;FALSE;Document Control;
93;214;19312190;634335025;Lorraine;Nay;O;FALSE;Production Technician - WC40;04/08/2008;26/06/1988;AW\lorraine-nay;lorraine-nay@adventureworks.com;845-555-0184;M;Lorraine Nay;845-555-0184;FALSE;F;1;15;49;44;TRUE;FALSE;Production;
94;147;212801092;319472946;Fadi;Fakhouri;K;FALSE;Production Technician - WC20;04/08/2008;15/09/1988;AW\fadi-fakhouri;fadi-fakhouri@adventureworks.com;935-555-0116;S;Fadi Fakhouri;935-555-0116;FALSE;M;1;14;16;28;TRUE;FALSE;Production;
95;53;769680433;370989364;Ryan;Cornelsen;L;FALSE;Production Technician - WC40;05/08/2008;12/01/1972;AW\ryan-cornelsen;ryan-cornelsen@adventureworks.com;208-555-0114;M;Ryan Cornelsen;208-555-0114;FALSE;M;1;15;59;49;TRUE;FALSE;Production;
96;142;60517918;30845;Candy;Spoon;L;FALSE;Accounts Receivable Specialist;06/08/2008;23/09/1975;AW\candy-spoon;candy-spoon@adventureworks.com;920-555-0177;S;Candy Spoon;920-555-0177;FALSE;F;2;19;61;50;TRUE;FALSE;Finance;
97;76;431859843;778552911;Nuan;Yu;;FALSE;Production Technician - WC50;06/08/2008;27/10/1978;AW\nuan-yu;nuan-yu@adventureworks.com;913-555-0184;S;Nuan Yu;913-555-0184;FALSE;M;1;11;2;21;TRUE;FALSE;Production;
98;46;621209647;685233686;William;Vong;S;FALSE;Scheduling Assistant;07/08/2008;06/06/1981;AW\william-vong;william-vong@adventureworks.com;148-555-0145;M;William Vong;148-555-0145;FALSE;M;2;16;45;42;TRUE;FALSE;Production Control;
99;46;621209647;685233686;William;Vong;S;FALSE;Scheduling Assistant;07/08/2008;06/06/1981;AW\william-vong;william-vong@adventureworks.com;148-555-0145;M;William Vong;148-555-0145;FALSE;M;2;16;45;42;TRUE;FALSE;Production Control;
100;177;420023788;578935259;Bjorn;Rettig;M;FALSE;Production Technician - WC30;07/08/2008;06/06/1989;AW\bjorn-rettig;bjorn-rettig@adventureworks.com;199-555-0117;S;Bjorn Rettig;199-555-0117;FALSE;M;1;9,5;43;41;TRUE;FALSE;Production;
101;201;199546871;332349500;Scott;Gode;R;FALSE;Production Technician - WC45;08/08/2008;10/09/1986;AW\scott-gode;scott-gode@adventureworks.com;391-555-0138;M;Scott Gode;391-555-0138;FALSE;M;1;10;86;63;TRUE;FALSE;Production;
102;89;830150469;750905084;Michael;Rothkugel;L;FALSE;Production Technician - WC40;10/08/2008;04/08/1990;AW\michael-rothkugel;michael-rothkugel@adventureworks.com;454-555-0119;S;Michael Rothkugel;454-555-0119;FALSE;M;1;15;70;55;TRUE;FALSE;Production;
103;147;322160340;319472946;Lane;Sacksteder;M;FALSE;Production Technician - WC20;11/08/2008;23/04/1974;AW\lane-sacksteder;lane-sacksteder@adventureworks.com;200-555-0117;M;Lane Sacksteder;200-555-0117;FALSE;M;1;14;11;25;TRUE;FALSE;Production;
104;16;827686041;233069302;Pete;Male;C;FALSE;Production Technician - WC50;11/08/2008;03/09/1976;AW\pete-male;pete-male@adventureworks.com;768-555-0123;S;Pete Male;768-555-0123;FALSE;M;1;11;13;26;TRUE;FALSE;Production;
105;44;671089628;441044382;Dan;Bacon;K;FALSE;Application Specialist;11/08/2008;24/01/1981;AW\dan-bacon;dan-bacon@adventureworks.com;166-555-0159;M;Dan Bacon;166-555-0159;TRUE;M;2;27,4038;72;56;TRUE;FALSE;Information Services;
106;143;231203233;184188301;David;Barber;M;FALSE;Assistant to the Chief Financial Officer;12/08/2008;20/01/1964;SQLSERVER2017\LabUser;david-barber@adventureworks.com;477-555-0132;S;David Barber;477-555-0132;FALSE;M;2;13,4615;56;48;TRUE;FALSE;Finance;
107;76;204035155;778552911;Lolan;Song;B;FALSE;Production Technician - WC50;12/08/2008;24/08/1972;AW\lolan-song;lolan-song@adventureworks.com;582-555-0178;M;Lolan Song;582-555-0178;FALSE;M;1;11;7;23;TRUE;FALSE;Production;
108;214;992874797;634335025;Paula;Nartker;R;FALSE;Production Technician - WC40;12/08/2008;10/09/1986;AW\paula-nartker;paula-nartker@adventureworks.com;476-555-0119;M;Paula Nartker;476-555-0119;FALSE;F;1;15;54;47;TRUE;FALSE;Production;
109;7;767955365;24756624;Mary;Gibson;E;FALSE;Marketing Specialist;12/08/2008;13/04/1962;AW\mary-gibson;mary-gibson@adventureworks.com;531-555-0183;M;Mary Gibson;531-555-0183;FALSE;F;2;14,4231;46;43;TRUE;FALSE;Marketing;
110;40;342607223;630184120;Mindaugas;Krapauskas;J;FALSE;Production Technician - WC50;13/08/2008;05/12/1977;AW\mindaugas-krapauskas;mindaugas-krapauskas@adventureworks.com;637-555-0120;M;Mindaugas Krapauskas;637-555-0120;FALSE;M;1;11;97;68;TRUE;FALSE;Production;
111;23;45615666;277173473;Eric;Gubbels;;FALSE;Production Supervisor - WC20;14/08/2008;19/08/1984;AW\eric-gubbels;eric-gubbels@adventureworks.com;260-555-0119;M;Eric Gubbels;260-555-0119;FALSE;M;2;25;40;40;TRUE;FALSE;Production;
112;;295847284;;Ken;Sánchez;J;FALSE;Chief Executive Officer;14/08/2008;29/08/1968;AW\ken-sanchez;ken-sanchez@adventureworks.com;697-555-0142;S;Ken Sánchez;697-555-0142;TRUE;M;2;125,5;99;69;TRUE;FALSE;Executive;
113;138;733022683;386315192;Jason;Watters;M;FALSE;Production Technician - WC30;14/08/2008;07/07/1988;AW\jason-watters;jason-watters@adventureworks.com;571-555-0179;S;Jason Watters;571-555-0179;FALSE;M;1;9,5;38;39;TRUE;FALSE;Production;
114;43;381772114;885055826;Mark;Harrington;L;FALSE;Quality Assurance Technician;15/08/2008;28/11/1985;AW\mark-harrington;mark-harrington@adventureworks.com;147-555-0179;S;Mark Harrington;147-555-0179;FALSE;M;2;10,5769;83;61;TRUE;FALSE;Quality Assurance;
115;163;187369436;551834634;Janeth;Esteves;M;FALSE;Production Technician - WC45;15/08/2008;22/02/1972;AW\janeth-esteves;janeth-esteves@adventureworks.com;540-555-0191;S;Janeth Esteves;540-555-0191;FALSE;F;1;10;81;60;TRUE;FALSE;Production;
116;188;364818297;60114406;Marc;Ingle;J;FALSE;Production Technician - WC30;16/08/2008;24/05/1986;AW\marc-ingle;marc-ingle@adventureworks.com;234-555-0169;M;Marc Ingle;234-555-0169;FALSE;M;1;9,5;22;31;TRUE;FALSE;Production;
117;162;658797903;134969118;Gigi;Matthew;N;FALSE;Research and Development Engineer;16/08/2008;21/08/1978;AW\gigi-matthew;gigi-matthew@adventureworks.com;185-555-0186;M;Gigi Matthew;185-555-0186;TRUE;F;2;40,8654;63;51;TRUE;FALSE;Research and Development;
118;111;886023130;45615666;Paul;Singh;R;FALSE;Production Technician - WC20;17/08/2008;04/06/1990;AW\paul-singh;paul-singh@adventureworks.com;727-555-0112;M;Paul Singh;727-555-0112;FALSE;M;1;14;6;23;TRUE;FALSE;Production;
119;214;749211824;634335025;Frank;Lee;T;FALSE;Production Technician - WC40;17/08/2008;06/04/1987;AW\frank-lee;frank-lee@adventureworks.com;158-555-0191;M;Frank Lee;158-555-0191;FALSE;M;1;15;56;48;TRUE;FALSE;Production;
120;44;643805155;441044382;François;Ajenstat;P;FALSE;Database Administrator;17/08/2008;13/06/1980;AW\francois-ajenstat;francois-ajenstat@adventureworks.com;785-555-0110;S;François Ajenstat;785-555-0110;TRUE;M;2;38,4615;67;53;TRUE;FALSE;Information Services;
121;16;92096924;233069302;Diane;Tibbott;H;FALSE;Production Technician - WC50;18/08/2008;09/03/1989;AW\diane-tibbott;diane-tibbott@adventureworks.com;361-555-0180;S;Diane Tibbott;361-555-0180;FALSE;F;1;11;8;24;TRUE;FALSE;Production;
122;7;72636981;24756624;Jill;Williams;A;FALSE;Marketing Specialist;18/08/2008;16/01/1979;AW\jill-williams;jill-williams@adventureworks.com;510-555-0121;M;Jill Williams;510-555-0121;FALSE;F;2;14,4231;47;43;TRUE;FALSE;Marketing;
123;40;563680513;630184120;Angela;Barbariol;W;FALSE;Production Technician - WC50;20/08/2008;29/12/1990;AW\angela-barbariol;angela-barbariol@adventureworks.com;150-555-0194;S;Angela Barbariol;150-555-0194;FALSE;F;1;11;92;66;TRUE;FALSE;Production;
124;87;584205124;521265716;Matthias;Berndt;T;FALSE;Shipping and Receiving Clerk;20/08/2008;11/06/1973;AW\matthias-berndt;matthias-berndt@adventureworks.com;139-555-0120;M;Matthias Berndt;139-555-0120;FALSE;M;2;9,5;94;67;TRUE;FALSE;Shipping and Receiving;
125;9;458159238;309738752;Bryan;Baker;;FALSE;Production Technician - WC60;21/08/2008;27/03/1973;AW\bryan-baker;bryan-baker@adventureworks.com;712-555-0113;S;Bryan Baker;712-555-0113;FALSE;M;1;12,45;35;37;TRUE;FALSE;Production;
126;23;712885347;277173473;Jeff;Hay;V;FALSE;Production Supervisor - WC45;21/08/2008;15/08/1976;AW\jeff-hay;jeff-hay@adventureworks.com;350-555-0167;M;Jeff Hay;350-555-0167;FALSE;M;2;25;74;57;TRUE;FALSE;Production;
127;188;87268837;60114406;Eugene;Zabokritski;R;FALSE;Production Technician - WC30;21/08/2008;12/02/1987;AW\eugene-zabokritski;eugene-zabokritski@adventureworks.com;241-555-0191;S;Eugene Zabokritski;241-555-0191;FALSE;M;1;9,5;33;36;TRUE;FALSE;Production;
128;186;969985265;862951447;Barbara;Decker;S;FALSE;Production Technician - WC20;22/08/2008;29/07/1984;AW\barbara-decker;barbara-decker@adventureworks.com;119-555-0192;M;Barbara Decker;119-555-0192;FALSE;F;1;14;17;28;TRUE;FALSE;Production;
129;126;539490372;712885347;Chris;Preston;T;FALSE;Production Technician - WC45;22/08/2008;16/07/1988;AW\chris-preston;chris-preston@adventureworks.com;200-555-0112;M;Chris Preston;200-555-0112;FALSE;M;1;10;76;58;TRUE;FALSE;Production;
130;92;242381745;345106466;Sean;Chai;N;FALSE;Document Control Assistant;22/08/2008;10/10/1986;AW\sean-chai;sean-chai@adventureworks.com;205-555-0132;S;Sean Chai;205-555-0132;FALSE;M;2;10,25;78;59;TRUE;FALSE;Document Control;
131;44;929666391;441044382;Dan;Wilson;B;FALSE;Database Administrator;22/08/2008;06/08/1975;AW\dan-wilson;dan-wilson@adventureworks.com;653-555-0144;M;Dan Wilson;653-555-0144;TRUE;M;2;38,4615;66;53;TRUE;FALSE;Information Services;
132;18;948320468;446466105;Mark;McArthur;K;FALSE;Production Technician - WC60;23/08/2008;25/04/1979;AW\mark-mcarthur;mark-mcarthur@adventureworks.com;417-555-0154;S;Mark McArthur;417-555-0154;FALSE;M;1;12,45;19;29;TRUE;FALSE;Production;
133;142;931190412;30845;Bryan;Walton;A;FALSE;Accounts Receivable Specialist;24/08/2008;20/04/1984;AW\bryan-walton;bryan-walton@adventureworks.com;935-555-0199;S;Bryan Walton;935-555-0199;FALSE;M;2;19;62;51;TRUE;FALSE;Finance;
134;76;153288994;778552911;Houman;Pournasseh;N;FALSE;Production Technician - WC50;25/08/2008;30/03/1971;AW\houman-pournasseh;houman-pournasseh@adventureworks.com;180-555-0136;M;Houman Pournasseh;180-555-0136;FALSE;M;1;11;3;21;TRUE;FALSE;Production;
135;46;981495526;685233686;Sairaj;Uddin;L;FALSE;Scheduling Assistant;26/08/2008;22/07/1987;AW\sairaj-uddin;sairaj-uddin@adventureworks.com;500-555-0159;M;Sairaj Uddin;500-555-0159;FALSE;M;2;16;46;43;TRUE;FALSE;Production Control;
136;177;363996959;578935259;Michiko;Osada;F;FALSE;Production Technician - WC30;26/08/2008;25/01/1982;AW\michiko-osada;michiko-osada@adventureworks.com;984-555-0148;S;Michiko Osada;984-555-0148;FALSE;M;1;9,5;44;42;TRUE;FALSE;Production;
137;188;585408256;60114406;Benjamin;Martin;R;FALSE;Production Technician - WC30;27/08/2008;05/08/1985;AW\benjamin-martin;benjamin-martin@adventureworks.com;533-555-0111;S;Benjamin Martin;533-555-0111;FALSE;M;1;9,5;28;34;TRUE;FALSE;Production;
138;23;386315192;277173473;Cynthia;Randall;S;FALSE;Production Supervisor - WC30;27/08/2008;18/03/1981;AW\cynthia-randall;cynthia-randall@adventureworks.com;352-555-0138;S;Cynthia Randall;352-555-0138;FALSE;F;2;25;69;54;TRUE;FALSE;Production;
139;201;167554340;332349500;Kathie;Flood;E;FALSE;Production Technician - WC45;27/08/2008;01/06/1990;AW\kathie-flood;kathie-flood@adventureworks.com;446-555-0118;M;Kathie Flood;446-555-0118;FALSE;F;1;10;87;63;TRUE;FALSE;Production;
140;18;410742000;446466105;Britta;Simon;L;FALSE;Production Technician - WC60;29/08/2008;28/04/1989;AW\britta-simon;britta-simon@adventureworks.com;955-555-0169;M;Britta Simon;955-555-0169;FALSE;F;1;12,45;14;27;TRUE;FALSE;Production;
141;214;746201340;634335025;Brian;Lloyd;T;FALSE;Production Technician - WC40;29/08/2008;10/09/1976;AW\brian-lloyd;brian-lloyd@adventureworks.com;110-555-0182;S;Brian Lloyd;110-555-0182;FALSE;M;1;15;55;47;TRUE;FALSE;Production;
142;143;30845;184188301;David;Liu;J;FALSE;Accounts Manager;30/08/2008;05/02/1983;SQLSERVER2017\LabUser;david-liu@adventureworks.com;646-555-0185;M;David Liu;646-555-0185;TRUE;M;2;34,7356;57;48;TRUE;FALSE;Finance;
143;112;184188301;295847284;Laura;Norman;F;FALSE;Chief Financial Officer;31/08/2008;06/08/1975;AW\laura-norman;laura-norman@adventureworks.com;615-555-0110;M;Laura Norman;615-555-0110;TRUE;F;2;60,0962;0;20;TRUE;FALSE;Executive;
144;112;184188301;295847284;Laura;Norman;F;FALSE;Chief Financial Officer;31/08/2008;06/08/1975;AW\laura-norman;laura-norman@adventureworks.com;615-555-0110;M;Laura Norman;615-555-0110;TRUE;F;2;60,0962;0;20;TRUE;FALSE;Executive;
145;40;398737566;630184120;Michael;Patten;W;FALSE;Production Technician - WC50;31/08/2008;01/12/1973;AW\michael-patten;michael-patten@adventureworks.com;441-555-0195;S;Michael Patten;441-555-0195;FALSE;M;1;11;98;69;TRUE;FALSE;Production;
146;138;764853868;386315192;Andy;Ruth;M;FALSE;Production Technician - WC30;31/08/2008;20/05/1983;AW\andy-ruth;andy-ruth@adventureworks.com;118-555-0110;M;Andy Ruth;118-555-0110;FALSE;M;1;9,5;39;39;TRUE;FALSE;Production;
147;23;319472946;277173473;Yuhong;Li;L;FALSE;Production Supervisor - WC20;01/09/2008;04/11/1976;AW\yuhong-li;yuhong-li@adventureworks.com;965-555-0155;M;Yuhong Li;965-555-0155;FALSE;M;2;25;41;40;TRUE;FALSE;Production;
148;163;456839592;551834634;Robert;Rounthwaite;J;FALSE;Production Technician - WC45;02/09/2008;28/09/1984;AW\robert-rounthwaite;robert-rounthwaite@adventureworks.com;589-555-0147;S;Robert Rounthwaite;589-555-0147;FALSE;M;1;10;82;61;TRUE;FALSE;Production;
149;43;131471224;885055826;Andreas;Berglund;T;FALSE;Quality Assurance Technician;02/09/2008;26/10/1988;AW\andreas-berglund;andreas-berglund@adventureworks.com;181-555-0124;M;Andreas Berglund;181-555-0124;FALSE;M;2;10,5769;84;62;TRUE;FALSE;Quality Assurance;
150;188;259388196;60114406;Reed;Koch;T;FALSE;Production Technician - WC30;02/09/2008;08/08/1988;AW\reed-koch;reed-koch@adventureworks.com;678-555-0110;M;Reed Koch;678-555-0110;FALSE;M;1;9,5;23;31;TRUE;FALSE;Production;
151;147;812797414;319472946;Linda;Randall;A;FALSE;Production Technician - WC20;03/09/2008;05/05/1977;AW\linda-randall;linda-randall@adventureworks.com;696-555-0157;S;Linda Randall;696-555-0157;FALSE;F;1;14;12;26;TRUE;FALSE;Production;
152;112;519899904;295847284;James;Hamilton;R;FALSE;Vice President of Production;03/09/2008;04/02/1988;AW\james-hamilton;james-hamilton@adventureworks.com;870-555-0122;S;James Hamilton;870-555-0122;TRUE;M;2;84,1346;64;52;TRUE;FALSE;Production;
153;44;314747499;441044382;Ramesh;Meyyappan;V;FALSE;Application Specialist;03/09/2008;12/10/1987;AW\ramesh-meyyappan;ramesh-meyyappan@adventureworks.com;182-555-0134;S;Ramesh Meyyappan;182-555-0134;TRUE;M;2;27,4038;73;56;TRUE;FALSE;Information Services;
154;44;858323870;441044382;Stephanie;Conroy;A;FALSE;Network Manager;04/09/2008;24/10/1983;AW\stephanie-conroy;stephanie-conroy@adventureworks.com;594-555-0110;S;Stephanie Conroy;594-555-0110;TRUE;F;2;39,6635;68;54;TRUE;FALSE;Information Services;
155;111;25011600;45615666;Samantha;Smith;H;FALSE;Production Technician - WC20;04/09/2008;22/06/1987;AW\samantha-smith;samantha-smith@adventureworks.com;587-555-0114;M;Samantha Smith;587-555-0114;FALSE;F;1;14;7;23;TRUE;FALSE;Production;
156;214;436757988;634335025;Tawana;Nusbaum;G;FALSE;Production Technician - WC40;05/09/2008;10/06/1989;AW\tawana-nusbaum;tawana-nusbaum@adventureworks.com;368-555-0113;S;Tawana Nusbaum;368-555-0113;FALSE;M;1;15;50;45;TRUE;FALSE;Production;
157;16;652535724;233069302;Denise;Smith;H;FALSE;Production Technician - WC50;05/09/2008;04/02/1988;AW\denise-smith;denise-smith@adventureworks.com;869-555-0119;M;Denise Smith;869-555-0119;FALSE;F;1;11;9;24;TRUE;FALSE;Production;
158;32;416679555;535145551;Hao;Chen;O;FALSE;Human Resources Administrative Assistant;06/09/2008;15/11/1976;AW\hao-chen;hao-chen@adventureworks.com;806-555-0136;S;Hao Chen;806-555-0136;FALSE;M;2;13,9423;52;46;TRUE;FALSE;Human Resources;
159;126;377784364;712885347;Alex;Nayberg;M;FALSE;Production Technician - WC45;08/09/2008;11/11/1989;AW\alex-nayberg;alex-nayberg@adventureworks.com;819-555-0198;M;Alex Nayberg;819-555-0198;FALSE;M;1;10;77;58;TRUE;FALSE;Production;
160;9;66073987;309738752;Eugene;Kogan;O;FALSE;Production Technician - WC60;08/09/2008;10/09/1975;AW\eugene-kogan;eugene-kogan@adventureworks.com;173-555-0179;S;Eugene Kogan;173-555-0179;FALSE;M;1;12,45;36;38;TRUE;FALSE;Production;
161;18;999440576;446466105;Brandon;Heidepriem;G;FALSE;Production Technician - WC60;08/09/2008;10/08/1976;AW\brandon-heidepriem;brandon-heidepriem@adventureworks.com;429-555-0137;M;Brandon Heidepriem;429-555-0137;FALSE;M;1;12,45;22;31;TRUE;FALSE;Production;
162;3;134969118;509647174;Dylan;Miller;A;FALSE;Research and Development Manager;08/09/2008;24/09/1986;AW\dylan-miller;dylan-miller@adventureworks.com;181-555-0156;M;Dylan Miller;181-555-0156;TRUE;M;2;50,4808;61;50;TRUE;FALSE;Research and Development;
163;23;551834634;277173473;Shane;Kim;S;FALSE;Production Supervisor - WC45;08/09/2008;22/12/1989;AW\shane-kim;shane-kim@adventureworks.com;810-555-0178;S;Shane Kim;810-555-0178;FALSE;M;2;25;75;57;TRUE;FALSE;Production;
164;186;305522471;862951447;John;Chen;Y;FALSE;Production Technician - WC20;09/09/2008;03/11/1985;AW\john-chen;john-chen@adventureworks.com;201-555-0163;M;John Chen;201-555-0163;FALSE;M;1;14;18;29;TRUE;FALSE;Production;
165;92;260770918;345106466;Karen;Berge;R;FALSE;Document Control Assistant;09/09/2008;25/07/1975;AW\karen-berge;karen-berge@adventureworks.com;746-555-0164;M;Karen Berge;746-555-0164;FALSE;F;2;10,25;79;59;TRUE;FALSE;Document Control;
166;18;788456780;446466105;Jose;Lugo;R;FALSE;Production Technician - WC60;10/09/2008;29/02/1984;AW\jose-lugo;jose-lugo@adventureworks.com;587-555-0115;M;Jose Lugo;587-555-0115;FALSE;M;1;12,45;20;30;TRUE;FALSE;Production;
167;76;370581729;778552911;Mandar;Samant;H;FALSE;Production Technician - WC50;10/09/2008;19/10/1985;AW\mandar-samant;mandar-samant@adventureworks.com;140-555-0132;S;Mandar Samant;140-555-0132;FALSE;M;1;11;0;20;TRUE;FALSE;Production;
168;278;603686790;895209680;Mikael;Sandberg;Q;FALSE;Buyer;10/09/2008;17/03/1984;AW\mikael-sandberg;mikael-sandberg@adventureworks.com;309-555-0170;S;Mikael Sandberg;309-555-0170;FALSE;M;2;18,2692;59;49;TRUE;FALSE;Purchasing;
169;76;152085091;778552911;Sameer;Tejani;A;FALSE;Production Technician - WC50;11/09/2008;24/01/1978;AW\sameer-tejani;sameer-tejani@adventureworks.com;990-555-0172;M;Sameer Tejani;990-555-0172;FALSE;M;1;11;4;22;TRUE;FALSE;Production;
170;142;663843431;30845;Dragan;Tomic;K;FALSE;Accounts Payable Specialist;11/09/2008;14/09/1976;AW\dragan-tomic;dragan-tomic@adventureworks.com;117-555-0185;M;Dragan Tomic;117-555-0185;FALSE;M;2;19;63;51;TRUE;FALSE;Finance;
171;177;227319668;578935259;Carol;Philips;M;FALSE;Production Technician - WC30;12/09/2008;17/05/1988;AW\carol-philips;carol-philips@adventureworks.com;609-555-0153;M;Carol Philips;609-555-0153;FALSE;F;1;9,5;45;42;TRUE;FALSE;Production;
172;89;578953538;750905084;Rob;Caron;T;FALSE;Production Technician - WC40;13/09/2008;04/03/1973;AW\rob-caron;rob-caron@adventureworks.com;238-555-0116;S;Rob Caron;238-555-0116;FALSE;M;1;15;71;55;TRUE;FALSE;Production;
173;40;222400012;630184120;Don;Hall;L;FALSE;Production Technician - WC50;13/09/2008;11/01/1971;AW\don-hall;don-hall@adventureworks.com;100-555-0174;M;Don Hall;100-555-0174;FALSE;M;1;11;88;64;TRUE;FALSE;Production;
174;46;470689086;685233686;Alan;Brewer;J;FALSE;Scheduling Assistant;13/09/2008;28/10/1983;AW\alan-brewer;alan-brewer@adventureworks.com;438-555-0172;M;Alan Brewer;438-555-0172;FALSE;M;2;16;47;43;TRUE;FALSE;Production Control;
175;188;860123571;60114406;David;Lawrence;Oliver;FALSE;Production Technician - WC30;14/09/2008;23/04/1985;SQLSERVER2017\LabUser;david-lawrence@adventureworks.com;118-555-0177;M;David Lawrence;118-555-0177;FALSE;M;1;9,5;29;34;TRUE;FALSE;Production;
176;89;273260055;750905084;Baris;Cetinok;F;FALSE;Production Technician - WC40;15/09/2008;07/05/1990;AW\baris-cetinok;baris-cetinok@adventureworks.com;164-555-0114;S;Baris Cetinok;164-555-0114;FALSE;M;1;15;72;56;TRUE;FALSE;Production;
177;23;578935259;277173473;Michael;Ray;Sean;FALSE;Production Supervisor - WC30;15/09/2008;29/08/1988;AW\michael-ray;michael-ray@adventureworks.com;156-555-0199;S;Michael Ray;156-555-0199;FALSE;M;2;25;70;55;TRUE;FALSE;Production;
178;20;752513276;494170342;Steve;Masters;F;FALSE;Production Technician - WC60;15/09/2008;04/11/1990;AW\steve-masters;steve-masters@adventureworks.com;712-555-0170;S;Steve Masters;712-555-0170;FALSE;M;1;12,45;31;35;TRUE;FALSE;Production;
179;18;754372876;446466105;Suchitra;Mohan;O;FALSE;Production Technician - WC60;16/09/2008;08/01/1987;AW\suchitra-mohan;suchitra-mohan@adventureworks.com;753-555-0129;M;Suchitra Mohan;753-555-0129;FALSE;F;1;12,45;15;27;TRUE;FALSE;Production;
180;44;58317344;441044382;Karen;Berg;A;FALSE;Application Specialist;16/09/2008;17/12/1977;AW\karen-berg;karen-berg@adventureworks.com;654-555-0177;S;Karen Berg;654-555-0177;TRUE;F;2;27,4038;74;57;TRUE;FALSE;Information Services;
181;147;404159499;319472946;Terrence;Earls;W;FALSE;Production Technician - WC20;16/09/2008;08/07/1984;AW\terrence-earls;terrence-earls@adventureworks.com;110-555-0115;S;Terrence Earls;110-555-0115;FALSE;M;1;14;13;26;TRUE;FALSE;Production;
182;142;363910111;30845;Barbara;Moreland;C;FALSE;Accountant;18/09/2008;04/08/1975;AW\barbara-moreland;barbara-moreland@adventureworks.com;822-555-0145;M;Barbara Moreland;822-555-0145;TRUE;F;2;26,4423;58;49;TRUE;FALSE;Finance;
183;40;599942664;630184120;Chad;Niswonger;W;FALSE;Production Technician - WC50;18/09/2008;04/03/1990;AW\chad-niswonger;chad-niswonger@adventureworks.com;559-555-0175;M;Chad Niswonger;559-555-0175;FALSE;M;1;11;99;69;TRUE;FALSE;Production;
184;138;993310268;386315192;Rostislav;Shabalin;E;FALSE;Production Technician - WC30;19/09/2008;13/04/1977;AW\rostislav-shabalin;rostislav-shabalin@adventureworks.com;751-555-0134;M;Rostislav Shabalin;751-555-0134;FALSE;M;1;9,5;40;40;TRUE;FALSE;Production;
185;201;20244403;332349500;Belinda;Newman;M;FALSE;Production Technician - WC45;20/09/2008;15/10/1974;AW\belinda-newman;belinda-newman@adventureworks.com;319-555-0126;S;Belinda Newman;319-555-0126;FALSE;F;1;10;83;61;TRUE;FALSE;Production;
186;23;862951447;277173473;Katie;McAskill-White;L;FALSE;Production Supervisor - WC20;20/09/2008;18/06/1984;AW\katie-mcaskill-white;katie-mcaskill-white@adventureworks.com;809-555-0133;S;Katie McAskill-White;809-555-0133;FALSE;F;2;25;42;41;TRUE;FALSE;Production;
187;188;551346974;60114406;Russell;King;M;FALSE;Production Technician - WC30;21/09/2008;11/09/1981;AW\russell-king;russell-king@adventureworks.com;517-555-0122;M;Russell King;517-555-0122;FALSE;M;1;9,5;24;32;TRUE;FALSE;Production;
188;23;60114406;277173473;Jack;Richins;S;FALSE;Production Supervisor - WC30;21/09/2008;20/01/1983;AW\jack-richins;jack-richins@adventureworks.com;552-555-0111;S;Jack Richins;552-555-0111;FALSE;M;2;25;68;54;TRUE;FALSE;Production;
189;23;33237992;277173473;Andrew;Hill;R;FALSE;Production Supervisor - WC10;22/09/2008;06/04/1988;AW\andrew-hill;andrew-hill@adventureworks.com;908-555-0159;S;Andrew Hill;908-555-0159;FALSE;M;2;25;65;52;TRUE;FALSE;Production;
190;89;1300049;750905084;Nicole;Holliday;B;FALSE;Production Technician - WC40;22/09/2008;07/11/1985;AW\nicole-holliday;nicole-holliday@adventureworks.com;508-555-0129;M;Nicole Holliday;508-555-0129;FALSE;F;1;15;67;53;TRUE;FALSE;Production;
191;16;10708100;233069302;Frank;Miller;T;FALSE;Production Technician - WC50;23/09/2008;21/02/1971;AW\frank-miller;frank-miller@adventureworks.com;167-555-0139;S;Frank Miller;167-555-0139;FALSE;M;1;11;10;25;TRUE;FALSE;Production;
192;154;672243793;858323870;Peter;Connelly;I;FALSE;Network Administrator;23/09/2008;27/12/1979;AW\peter-connelly;peter-connelly@adventureworks.com;310-555-0133;S;Peter Connelly;310-555-0133;FALSE;M;2;32,4519;69;54;TRUE;FALSE;Information Services;
193;111;63761469;45615666;Anibal;Sousa;T;FALSE;Production Technician - WC20;23/09/2008;05/04/1974;AW\anibal-sousa;anibal-sousa@adventureworks.com;106-555-0120;S;Anibal Sousa;106-555-0120;FALSE;F;1;14;8;24;TRUE;FALSE;Production;
194;214;693168613;634335025;Ken;Myer;L;FALSE;Production Technician - WC40;24/09/2008;26/12/1980;AW\ken-myer;ken-myer@adventureworks.com;949-555-0174;M;Ken Myer;949-555-0174;FALSE;M;1;15;51;45;TRUE;FALSE;Production;
195;32;476980013;535145551;Grant;Culbertson;N;FALSE;Human Resources Administrative Assistant;25/09/2008;15/11/1975;AW\grant-culbertson;grant-culbertson@adventureworks.com;955-555-0131;S;Grant Culbertson;955-555-0131;FALSE;M;2;13,9423;53;46;TRUE;FALSE;Human Resources;
196;40;334834274;630184120;Michael;Entin;T;FALSE;Production Technician - WC50;25/09/2008;13/01/1989;AW\michael-entin;michael-entin@adventureworks.com;817-555-0186;S;Michael Entin;817-555-0186;FALSE;M;1;11;94;67;TRUE;FALSE;Production;
197;163;399658727;551834634;Lionel;Penuchot;C;FALSE;Production Technician - WC45;26/09/2008;13/10/1987;AW\lionel-penuchot;lionel-penuchot@adventureworks.com;450-555-0152;S;Lionel Penuchot;450-555-0152;FALSE;M;1;10;78;59;TRUE;FALSE;Production;
198;9;500412746;309738752;Thomas;Michaels;R;FALSE;Production Technician - WC60;26/09/2008;10/08/1985;AW\thomas-michaels;thomas-michaels@adventureworks.com;278-555-0118;M;Thomas Michaels;278-555-0118;FALSE;M;1;12,45;37;38;TRUE;FALSE;Production;
199;87;652779496;521265716;Jimmy;Bischoff;T;FALSE;Stocker;26/09/2008;01/06/1990;AW\jimmy-bischoff;jimmy-bischoff@adventureworks.com;927-555-0168;M;Jimmy Bischoff;927-555-0168;FALSE;M;1;9;96;68;TRUE;FALSE;Shipping and Receiving;
200;138;878395493;386315192;Michael;Vanderhyde;T;FALSE;Production Technician - WC30;26/09/2008;18/04/1982;AW\michael-vanderhyde;michael-vanderhyde@adventureworks.com;296-555-0121;M;Michael Vanderhyde;296-555-0121;FALSE;M;1;9,5;35;37;TRUE;FALSE;Production;
201;23;332349500;277173473;Lori;Kane;A;FALSE;Production Supervisor - WC45;26/09/2008;16/02/1980;AW\lori-kane;lori-kane@adventureworks.com;289-555-0196;S;Lori Kane;289-555-0196;FALSE;F;2;25;76;58;TRUE;FALSE;Production;
202;278;792847334;895209680;Arvind;Rao;B;FALSE;Buyer;28/09/2008;21/03/1974;AW\arvind-rao;arvind-rao@adventureworks.com;848-555-0163;M;Arvind Rao;848-555-0163;FALSE;M;2;18,2692;60;50;TRUE;FALSE;Purchasing;
203;186;621932914;862951447;Stefen;Hesse;A;FALSE;Production Technician - WC20;28/09/2008;21/07/1975;AW\stefen-hesse;stefen-hesse@adventureworks.com;165-555-0113;S;Stefen Hesse;165-555-0113;FALSE;M;1;14;19;29;TRUE;FALSE;Production;
204;23;398223854;277173473;Hazem;Abolrous;E;FALSE;Quality Assurance Manager;28/09/2008;26/05/1977;AW\hazem-abolrous;hazem-abolrous@adventureworks.com;869-555-0125;S;Hazem Abolrous;869-555-0125;TRUE;M;2;28,8462;80;60;TRUE;FALSE;Quality Assurance;
205;142;519756660;30845;Janet;Sheperdigian;L;FALSE;Accounts Payable Specialist;29/09/2008;07/10/1978;AW\janet-sheperdigian;janet-sheperdigian@adventureworks.com;393-555-0186;M;Janet Sheperdigian;393-555-0186;FALSE;F;2;19;64;52;TRUE;FALSE;Finance;
206;76;912141525;778552911;Elizabeth;Keyser;I;FALSE;Production Technician - WC50;30/09/2008;25/08/1989;AW\elizabeth-keyser;elizabeth-keyser@adventureworks.com;318-555-0137;M;Elizabeth Keyser;318-555-0137;FALSE;F;1;11;5;22;TRUE;FALSE;Production;
207;7;243322160;24756624;Terry;Eminhizer;J;FALSE;Marketing Specialist;30/09/2008;04/09/1985;AW\terry-eminhizer;terry-eminhizer@adventureworks.com;138-555-0118;M;Terry Eminhizer;138-555-0118;FALSE;M;2;14,4231;44;42;TRUE;FALSE;Marketing;
208;188;568626529;60114406;John;Frum;N;FALSE;Production Technician - WC30;01/10/2008;22/10/1981;AW\john-frum;john-frum@adventureworks.com;663-555-0172;S;John Frum;663-555-0172;FALSE;M;1;9,5;27;33;TRUE;FALSE;Production;
209;177;301435199;578935259;Merav;Netz;A;FALSE;Production Technician - WC30;01/10/2008;11/12/1982;AW\merav-netz;merav-netz@adventureworks.com;224-555-0187;M;Merav Netz;224-555-0187;FALSE;F;1;9,5;46;43;TRUE;FALSE;Production;
210;46;368691270;685233686;Brian;LaMee;P;FALSE;Scheduling Assistant;01/10/2008;11/03/1984;AW\brian-lamee;brian-lamee@adventureworks.com;313-555-0196;M;Brian LaMee;313-555-0196;FALSE;M;2;16;48;44;TRUE;FALSE;Production Control;
211;40;211789056;630184120;Kitti;Lertpiriyasuwat;H;FALSE;Production Technician - WC50;02/10/2008;04/01/1987;AW\kitti-lertpiriyasuwat;kitti-lertpiriyasuwat@adventureworks.com;785-555-0132;S;Kitti Lertpiriyasuwat;785-555-0132;FALSE;F;1;11;89;64;TRUE;FALSE;Production;
212;20;63179277;494170342;Jay;Adams;G;FALSE;Production Technician - WC60;03/10/2008;11/09/1975;AW\jay-adams;jay-adams@adventureworks.com;407-555-0165;S;Jay Adams;407-555-0165;FALSE;M;1;12,45;32;36;TRUE;FALSE;Production;
213;188;587567941;60114406;Jan;Miksovsky;S;FALSE;Production Technician - WC30;03/10/2008;15/06/1974;AW\jan-miksovsky;jan-miksovsky@adventureworks.com;139-555-0131;S;Jan Miksovsky;139-555-0131;FALSE;M;1;9,5;30;35;TRUE;FALSE;Production;
214;23;634335025;277173473;Brenda;Diaz;M;FALSE;Production Supervisor - WC40;03/10/2008;28/09/1982;AW\brenda-diaz;brenda-diaz@adventureworks.com;142-555-0139;M;Brenda Diaz;142-555-0139;FALSE;F;2;25;71;55;TRUE;FALSE;Production;
215;126;65848458;712885347;Andrew;Cencini;M;FALSE;Production Technician - WC45;04/10/2008;24/04/1988;AW\andrew-cencini;andrew-cencini@adventureworks.com;207-555-0192;S;Andrew Cencini;207-555-0192;FALSE;M;1;10;73;56;TRUE;FALSE;Production;
216;92;260805477;345106466;Chris;Norred;K;FALSE;Control Specialist;04/10/2008;24/12/1986;AW\chris-norred;chris-norred@adventureworks.com;575-555-0126;M;Chris Norred;575-555-0126;FALSE;M;2;16,8269;75;57;TRUE;FALSE;Document Control;
217;18;442121106;446466105;Chris;Okelberry;O;FALSE;Production Technician - WC60;05/10/2008;07/03/1986;AW\chris-okelberry;chris-okelberry@adventureworks.com;315-555-0144;S;Chris Okelberry;315-555-0144;FALSE;M;1;12,45;16;28;TRUE;FALSE;Production;
218;147;300946911;319472946;Shelley;Dyck;N;FALSE;Production Technician - WC20;05/10/2008;08/07/1986;AW\shelley-dyck;shelley-dyck@adventureworks.com;991-555-0184;S;Shelley Dyck;991-555-0184;FALSE;F;1;14;14;27;TRUE;FALSE;Production;
219;214;440379437;634335025;Gabe;Mares;B;FALSE;Production Technician - WC40;06/10/2008;09/12/1987;AW\gabe-mares;gabe-mares@adventureworks.com;310-555-0117;M;Gabe Mares;310-555-0117;FALSE;M;1;15;57;48;TRUE;FALSE;Production;
220;142;480951955;30845;Mike;Seamans;K;FALSE;Accountant;06/10/2008;29/01/1979;AW\mike-seamans;mike-seamans@adventureworks.com;927-555-0150;S;Mike Seamans;927-555-0150;TRUE;M;2;26,4423;59;49;TRUE;FALSE;Finance;
221;162;879342154;134969118;Michael;Raheem;;FALSE;Research and Development Manager;01/12/2008;30/06/1984;AW\michael-raheem;michael-raheem@adventureworks.com;330-555-2568;M;Michael Raheem;330-555-2568;TRUE;M;2;42,4808;16;64;TRUE;FALSE;Research and Development;
222;152;141165819;519899904;Gary;Altman;E.;FALSE;Facilities Manager;02/07/2009;18/09/1970;AW\gary-altman;gary-altman@adventureworks.com;110-555-0112;M;Gary Altman;110-555-0112;TRUE;M;2;24,0385;86;63;TRUE;FALSE;Facilities and Maintenance;
223;20;537092325;494170342;Charles;Fitzgerald;B;FALSE;Production Technician - WC60;03/07/2009;02/04/1971;AW\charles-fitzgerald;charles-fitzgerald@adventureworks.com;931-555-0118;S;Charles Fitzgerald;931-555-0118;FALSE;M;1;12,45;27;33;TRUE;FALSE;Production;
224;27;455563743;360868122;Ebru;Ersan;N;FALSE;Production Technician - WC10;06/07/2009;22/04/1986;AW\ebru-ersan;ebru-ersan@adventureworks.com;202-555-0187;S;Ebru Ersan;202-555-0187;FALSE;M;1;13,45;93;66;TRUE;FALSE;Production;
225;111;701156975;45615666;Sylvester;Valdez;A;FALSE;Production Technician - WC20;11/07/2009;12/06/1970;AW\sylvester-valdez;sylvester-valdez@adventureworks.com;492-555-0174;M;Sylvester Valdez;492-555-0174;FALSE;M;1;14;4;22;TRUE;FALSE;Production;
226;53;1662732;370989364;Brian;Goldstein;Richard;FALSE;Production Technician - WC40;11/07/2009;23/07/1970;AW\brian-goldstein;brian-goldstein@adventureworks.com;730-555-0117;S;Brian Goldstein;730-555-0117;FALSE;M;1;15;63;51;TRUE;FALSE;Production;
227;278;407505660;895209680;Linda;Meisner;P;FALSE;Buyer;17/07/2009;30/06/1970;AW\linda-meisner;linda-meisner@adventureworks.com;916-555-0165;M;Linda Meisner;916-555-0165;FALSE;F;2;18,2692;56;48;TRUE;FALSE;Purchasing;
228;66;294148271;7201901;Betsy;Stadick;A;FALSE;Production Technician - WC10;18/07/2009;17/07/1942;AW\betsy-stadick;betsy-stadick@adventureworks.com;405-555-0171;S;Betsy Stadick;405-555-0171;FALSE;F;1;13,45;99;69;TRUE;FALSE;Production;
229;222;552560652;141165819;Magnus;Hedlund;E;FALSE;Facilities Administrative Assistant;21/07/2009;27/03/1971;AW\magnus-hedlund;magnus-hedlund@adventureworks.com;583-555-0182;M;Magnus Hedlund;583-555-0182;FALSE;M;2;9,75;87;63;TRUE;FALSE;Facilities and Maintenance;
230;20;834186596;494170342;Karan;Khanna;R;FALSE;Production Technician - WC60;22/07/2009;05/10/1969;AW\karan-khanna;karan-khanna@adventureworks.com;447-555-0186;S;Karan Khanna;447-555-0186;FALSE;M;1;12,45;28;34;TRUE;FALSE;Production;
231;27;717889520;360868122;Mary;Baker;R;FALSE;Production Technician - WC10;25/07/2009;19/04/1986;AW\mary-baker;mary-baker@adventureworks.com;283-555-0185;M;Mary Baker;283-555-0185;FALSE;F;1;13,45;94;67;TRUE;FALSE;Production;
232;27;801365500;360868122;Kevin;Homer;M;FALSE;Production Technician - WC10;25/07/2009;19/04/1986;AW\kevin-homer;kevin-homer@adventureworks.com;555-555-0113;S;Kevin Homer;555-555-0113;FALSE;M;1;13,45;90;65;TRUE;FALSE;Production;
233;53;413787783;370989364;Mihail;Frintu;U;FALSE;Production Technician - WC40;29/07/2009;07/10/1970;AW\mihail-frintu;mihail-frintu@adventureworks.com;733-555-0128;S;Mihail Frintu;733-555-0128;FALSE;M;1;15;64;52;TRUE;FALSE;Production;
234;189;109272464;33237992;Bonnie;Kearney;N;FALSE;Production Technician - WC10;01/08/2009;10/04/1986;AW\bonnie-kearney;bonnie-kearney@adventureworks.com;264-555-0150;M;Bonnie Kearney;264-555-0150;FALSE;F;1;13,45;89;64;TRUE;FALSE;Production;
235;278;482810518;895209680;Fukiko;Ogisu;J;FALSE;Buyer;04/08/2009;24/06/1970;AW\fukiko-ogisu;fukiko-ogisu@adventureworks.com;520-555-0177;M;Fukiko Ogisu;520-555-0177;FALSE;M;2;18,2692;57;48;TRUE;FALSE;Purchasing;
236;111;113393530;45615666;Hung-Fu;Ting;T;FALSE;Production Technician - WC20;06/08/2009;23/05/1971;AW\hung-fu-ting;hung-fu-ting@adventureworks.com;497-555-0181;S;Hung-Fu Ting;497-555-0181;FALSE;M;1;14;0;20;TRUE;FALSE;Production;
237;278;466142721;895209680;Gordon;Hee;L;FALSE;Buyer;11/08/2009;29/06/1942;AW\gordon-hee;gordon-hee@adventureworks.com;230-555-0144;M;Gordon Hee;230-555-0144;FALSE;M;2;18,2692;52;46;TRUE;FALSE;Purchasing;
238;66;390124815;7201901;Kimberly;Zimmerman;B;FALSE;Production Technician - WC10;12/08/2009;13/04/1986;AW\kimberly-zimmerman;kimberly-zimmerman@adventureworks.com;123-555-0167;S;Kimberly Zimmerman;123-555-0167;FALSE;F;1;13,45;95;67;TRUE;FALSE;Production;
239;18;6298838;446466105;Kim;Abercrombie;B;FALSE;Production Technician - WC60;16/08/2009;14/07/1942;AW\kim-abercrombie;kim-abercrombie@adventureworks.com;208-555-0114;M;Kim Abercrombie;208-555-0114;FALSE;F;1;12,45;24;32;TRUE;FALSE;Production;
240;53;943170460;370989364;Sandeep;Kaliyath;P;FALSE;Production Technician - WC40;17/08/2009;03/07/1970;AW\sandeep-kaliyath;sandeep-kaliyath@adventureworks.com;166-555-0156;S;Sandeep Kaliyath;166-555-0156;FALSE;M;1;15;65;52;TRUE;FALSE;Production;
241;111;339233463;45615666;Prasanna;Samarawickrama;E;FALSE;Production Technician - WC20;22/08/2009;28/11/1952;AW\prasanna-samarawickrama;prasanna-samarawickrama@adventureworks.com;129-555-0199;M;Prasanna Samarawickrama;129-555-0199;FALSE;M;1;14;5;22;TRUE;FALSE;Production;
242;278;367453993;895209680;Frank;Pellow;S;FALSE;Buyer;23/08/2009;11/12/1951;AW\frank-pellow;frank-pellow@adventureworks.com;163-555-0147;M;Frank Pellow;163-555-0147;FALSE;M;2;18,2692;58;49;TRUE;FALSE;Purchasing;
243;111;872923042;45615666;Min;Su;G;FALSE;Production Technician - WC20;24/08/2009;10/04/1974;AW\min-su;min-su@adventureworks.com;590-555-0152;M;Min Su;590-555-0152;FALSE;M;1;14;1;20;TRUE;FALSE;Production;
244;53;697712387;370989364;Eric;Brown;L;FALSE;Production Technician - WC40;24/08/2009;08/07/1942;AW\eric-brown;eric-brown@adventureworks.com;680-555-0118;M;Eric Brown;680-555-0118;FALSE;M;1;15;60;50;TRUE;FALSE;Production;
245;278;381073001;895209680;Eric;Kurjan;S;FALSE;Buyer;27/08/2009;17/04/1972;AW\eric-kurjan;eric-kurjan@adventureworks.com;265-555-0195;S;Eric Kurjan;265-555-0195;FALSE;M;2;18,2692;54;47;TRUE;FALSE;Purchasing;
246;51;646304055;553069203;Pat;Coleman;H;FALSE;Janitor;27/08/2009;03/07/1970;AW\pat-coleman;pat-coleman@adventureworks.com;720-555-0158;S;Pat Coleman;720-555-0158;FALSE;M;1;9,25;89;64;TRUE;FALSE;Facilities and Maintenance;
247;20;414476027;494170342;Maciej;Dusza;W;FALSE;Production Technician - WC60;29/08/2009;30/08/1954;AW\maciej-dusza;maciej-dusza@adventureworks.com;237-555-0128;S;Maciej Dusza;237-555-0128;FALSE;M;1;12,45;30;35;TRUE;FALSE;Production;
248;278;785853949;895209680;Erin;Hagens;M;FALSE;Buyer;31/08/2009;04/08/1970;AW\erin-hagens;erin-hagens@adventureworks.com;842-555-0158;S;Erin Hagens;842-555-0158;FALSE;F;2;18,2692;53;46;TRUE;FALSE;Purchasing;
249;66;90888098;7201901;Patrick;Wedge;C;FALSE;Production Technician - WC10;01/09/2009;10/04/1986;AW\patrick-wedge;patrick-wedge@adventureworks.com;413-555-0124;S;Patrick Wedge;413-555-0124;FALSE;M;1;13,45;96;68;TRUE;FALSE;Production;
250;53;947029962;370989364;Frank;Martinez;R;FALSE;Production Technician - WC40;05/09/2009;01/10/1951;AW\frank-martinez;frank-martinez@adventureworks.com;203-555-0196;M;Frank Martinez;203-555-0196;FALSE;M;1;15;66;53;TRUE;FALSE;Production;
251;18;461786517;446466105;Ed;Dudenhoefer;R;FALSE;Production Technician - WC60;05/09/2009;11/04/1971;AW\ed-dudenhoefer;ed-dudenhoefer@adventureworks.com;919-555-0140;S;Ed Dudenhoefer;919-555-0140;FALSE;M;1;12,45;25;32;TRUE;FALSE;Production;
252;27;393421437;360868122;Christopher;Hill;E;FALSE;Production Technician - WC10;08/09/2009;01/05/1986;AW\christopher-hill;christopher-hill@adventureworks.com;153-555-0166;M;Christopher Hill;153-555-0166;FALSE;M;1;13,45;91;65;TRUE;FALSE;Production;
253;53;988315686;370989364;Patrick;Cook;M;FALSE;Production Technician - WC40;12/09/2009;23/07/1973;AW\patrick-cook;patrick-cook@adventureworks.com;425-555-0117;M;Patrick Cook;425-555-0117;FALSE;M;1;15;61;50;TRUE;FALSE;Production;
254;111;56772045;45615666;Krishna;Sunkammurali;;FALSE;Production Technician - WC20;13/09/2009;05/04/1971;AW\krishna-sunkammurali;krishna-sunkammurali@adventureworks.com;491-555-0183;S;Krishna Sunkammurali;491-555-0183;FALSE;M;1;14;2;21;TRUE;FALSE;Production;
255;51;879334904;553069203;Lori;Penor;K;FALSE;Janitor;16/09/2009;28/02/1970;AW\lori-penor;lori-penor@adventureworks.com;295-555-0161;M;Lori Penor;295-555-0161;FALSE;F;1;9,25;90;65;TRUE;FALSE;Facilities and Maintenance;
256;66;82638150;7201901;Danielle;Tiedt;C;FALSE;Production Technician - WC10;20/09/2009;07/04/1986;AW\danielle-tiedt;danielle-tiedt@adventureworks.com;500-555-0172;S;Danielle Tiedt;500-555-0172;FALSE;F;1;13,45;97;68;TRUE;FALSE;Production;
257;43;343861179;885055826;Sootha;Charncherngkha;T;FALSE;Quality Assurance Technician;23/09/2009;05/07/1942;AW\sootha-charncherngkha;sootha-charncherngkha@adventureworks.com;325-555-0137;M;Sootha Charncherngkha;325-555-0137;FALSE;M;2;10,5769;85;62;TRUE;FALSE;Quality Assurance;
258;20;582347317;494170342;Michael;Zwilling;J;FALSE;Production Technician - WC60;23/09/2009;05/04/1973;AW\michael-zwilling;michael-zwilling@adventureworks.com;582-555-0148;S;Michael Zwilling;582-555-0148;FALSE;M;1;12,45;26;33;TRUE;FALSE;Production;
259;20;8066363;494170342;Randy;Reeves;T;FALSE;Production Technician - WC60;23/09/2009;26/11/1969;AW\randy-reeves;randy-reeves@adventureworks.com;961-555-0122;M;Randy Reeves;961-555-0122;FALSE;M;1;12,45;29;34;TRUE;FALSE;Production;
260;27;561196580;360868122;John;Kane;T;FALSE;Production Technician - WC10;27/09/2009;28/04/1986;AW\john-kane;john-kane@adventureworks.com;254-555-0114;S;John Kane;254-555-0114;FALSE;M;1;13,45;92;66;TRUE;FALSE;Production;
261;53;58791499;370989364;Jack;Creasey;T;FALSE;Production Technician - WC40;01/10/2009;29/03/1973;AW\jack-creasey;jack-creasey@adventureworks.com;521-555-0113;S;Jack Creasey;521-555-0113;FALSE;M;1;15;62;51;TRUE;FALSE;Production;
262;111;163347032;45615666;Olinda;Turner;C;FALSE;Production Technician - WC20;02/10/2009;02/11/1969;AW\olinda-turner;olinda-turner@adventureworks.com;306-555-0186;S;Olinda Turner;306-555-0186;FALSE;F;1;14;3;21;TRUE;FALSE;Production;
263;51;28414965;553069203;Stuart;Macrae;J;FALSE;Janitor;03/10/2009;17/07/1971;AW\stuart-macrae;stuart-macrae@adventureworks.com;539-555-0149;M;Stuart Macrae;539-555-0149;FALSE;M;1;9,25;88;64;TRUE;FALSE;Facilities and Maintenance;
264;51;153479919;553069203;Jo;Berry;L;FALSE;Janitor;05/10/2009;22/11/1953;AW\jo-berry;jo-berry@adventureworks.com;228-555-0159;M;Jo Berry;228-555-0159;FALSE;F;1;9,25;91;65;TRUE;FALSE;Facilities and Maintenance;
265;278;20269531;895209680;Ben;Miller;T;FALSE;Buyer;07/10/2009;01/01/1973;AW\ben-miller;ben-miller@adventureworks.com;151-555-0113;M;Ben Miller;151-555-0113;FALSE;M;2;18,2692;55;47;TRUE;FALSE;Purchasing;
266;66;826454897;7201901;Tom;Vande Velde;M;FALSE;Production Technician - WC10;08/10/2009;01/05/1986;AW\tom-vande-velde;tom-vande-velde@adventureworks.com;295-555-0161;M;Tom Vande Velde;295-555-0161;FALSE;M;1;13,45;98;69;TRUE;FALSE;Production;
267;3;974026903;509647174;Ovidiu;Cracium;V;FALSE;Senior Tool Designer;05/07/2010;17/08/1977;AW\ovidiu-cracium;ovidiu-cracium@adventureworks.com;719-555-0181;S;Ovidiu Cracium;719-555-0181;FALSE;M;2;28,8462;7;23;TRUE;FALSE;Tool Design;
268;278;437296311;895209680;Annette;Hill;L;FALSE;Purchasing Assistant;06/07/2010;29/08/1977;AW\annette-hill;annette-hill@adventureworks.com;125-555-0196;M;Annette Hill;125-555-0196;FALSE;F;2;12,75;50;45;TRUE;FALSE;Purchasing;
269;267;486228782;974026903;Janice;Galvin;M;FALSE;Tool Designer;23/07/2010;26/12/1988;AW\janice-galvin;janice-galvin@adventureworks.com;473-555-0117;M;Janice Galvin;473-555-0117;FALSE;F;2;25;8;24;TRUE;FALSE;Tool Design;
270;278;280633567;895209680;Reinout;Hillmann;N;FALSE;Purchasing Assistant;25/07/2010;17/08/1977;AW\reinout-hillmann;reinout-hillmann@adventureworks.com;370-555-0163;M;Reinout Hillmann;370-555-0163;FALSE;M;2;12,75;51;45;TRUE;FALSE;Purchasing;
271;3;42487730;509647174;Michael;Sullivan;I;FALSE;Senior Design Engineer;30/07/2010;14/01/1979;AW\michael-sullivan;michael-sullivan@adventureworks.com;465-555-0156;S;Michael Sullivan;465-555-0156;TRUE;M;2;36,0577;3;21;TRUE;FALSE;Engineering;
272;277;502097814;112432117;Stephen;Jiang;Y;FALSE;North American Sales Manager;04/08/2010;17/05/1951;AW\stephen-jiang;stephen-jiang@adventureworks.com;238-555-0197;M;Stephen Jiang;238-555-0197;TRUE;M;2;48,101;14;27;TRUE;TRUE;Sales;Sales Manager
273;7;323403273;24756624;Wanida;Benshoof;M;FALSE;Marketing Assistant;07/08/2010;15/10/1974;AW\wanida-benshoof;wanida-benshoof@adventureworks.com;708-555-0141;M;Wanida Benshoof;708-555-0141;FALSE;F;2;13,4615;41;40;TRUE;FALSE;Marketing;
274;3;56920285;509647174;Sharon;Salavaria;B;FALSE;Design Engineer;18/08/2010;30/11/1960;AW\sharon-salavaria;sharon-salavaria@adventureworks.com;970-555-0138;M;Sharon Salavaria;970-555-0138;TRUE;F;2;32,6923;4;22;TRUE;FALSE;Engineering;
275;7;222969461;24756624;John;Wood;L;FALSE;Marketing Specialist;07/09/2010;04/10/1977;AW\john-wood;john-wood@adventureworks.com;486-555-0150;S;John Wood;486-555-0150;FALSE;M;2;14,4231;48;44;TRUE;FALSE;Marketing;
276;7;52541318;24756624;Mary;Dempsey;A;FALSE;Marketing Assistant;14/09/2010;29/08/1977;AW\mary-dempsey;mary-dempsey@adventureworks.com;124-555-0114;S;Mary Dempsey;124-555-0114;FALSE;F;2;13,4615;43;41;TRUE;FALSE;Marketing;
277;277;112432117;112432117;Brian;Welcker;S;FALSE;Director of Sales;15/09/2010;04/01/1977;AW\brian-welcker;brian-welcker@adventureworks.com;716-555-0127;S;Brian Welcker;716-555-0127;TRUE;M;2;72,1154;10;25;TRUE;TRUE;Sales;Sales Director
278;73;895209680;121491555;Sheela;Word;H;FALSE;Purchasing Manager;25/09/2010;10/09/1977;AW\sheela-word;sheela-word@adventureworks.com;210-555-0193;S;Sheela Word;210-555-0193;TRUE;F;2;30;49;44;TRUE;FALSE;Purchasing;
279;73;895209680;121491555;Sheela;Word;H;FALSE;Purchasing Manager;25/09/2010;10/09/1977;AW\sheela-word;sheela-word@adventureworks.com;210-555-0193;S;Sheela Word;210-555-0193;TRUE;F;2;30;49;44;TRUE;FALSE;Purchasing;
280;73;895209680;121491555;Sheela;Word;H;FALSE;Purchasing Manager;25/09/2010;10/09/1977;AW\sheela-word;sheela-word@adventureworks.com;210-555-0193;S;Sheela Word;210-555-0193;TRUE;F;2;30;49;44;TRUE;FALSE;Purchasing;
281;272;841560125;502097814;Michael;Blythe;G;FALSE;Sales Representative;29/12/2010;25/07/1968;AW\michael-blythe;michael-blythe@adventureworks.com;257-555-0154;S;Michael Blythe;257-555-0154;TRUE;M;2;23,0769;38;39;TRUE;TRUE;Sales;Sales Representative
282;272;191644724;502097814;Linda;Mitchell;C;FALSE;Sales Representative;29/12/2010;27/09/1979;AW\linda-mitchell;linda-mitchell@adventureworks.com;883-555-0116;M;Linda Mitchell;883-555-0116;TRUE;F;2;23,0769;27;33;TRUE;TRUE;Sales;Sales Representative
283;272;615389812;502097814;Jillian;Carson;;FALSE;Sales Representative;29/12/2010;29/03/1962;AW\jillian-carson;jillian-carson@adventureworks.com;517-555-0117;S;Jillian Carson;517-555-0117;TRUE;F;2;23,0769;24;32;TRUE;TRUE;Sales;Sales Representative
284;272;234474252;502097814;Garrett;Vargas;R;FALSE;Sales Representative;29/12/2010;04/09/1974;AW\garrett-vargas;garrett-vargas@adventureworks.com;922-555-0165;M;Garrett Vargas;922-555-0165;TRUE;M;2;23,0769;33;36;TRUE;TRUE;Sales;Sales Representative
285;272;716374314;502097814;Tsvi;Reiter;Michael;FALSE;Sales Representative;29/12/2010;18/08/1973;AW\tsvi-reiter;tsvi-reiter@adventureworks.com;664-555-0112;M;Tsvi Reiter;664-555-0112;TRUE;M;2;23,0769;29;34;TRUE;TRUE;Sales;Sales Representative
286;272;61161660;502097814;Pamela;Ansman-Wolfe;O;FALSE;Sales Representative;29/12/2010;06/07/1974;AW\pamela-ansman-wolfe;pamela-ansman-wolfe@adventureworks.com;340-555-0193;S;Pamela Ansman-Wolfe;340-555-0193;TRUE;F;2;23,0769;22;31;TRUE;TRUE;Sales;Sales Representative
287;272;139397894;502097814;Shu;Ito;K;FALSE;Sales Representative;29/12/2010;08/10/1943;AW\shu-ito;shu-ito@adventureworks.com;330-555-0120;M;Shu Ito;330-555-0120;TRUE;M;2;23,0769;26;33;TRUE;TRUE;Sales;Sales Representative
288;272;399771412;502097814;José;Saraiva;Edvaldo;FALSE;Sales Representative;29/12/2010;11/07/1939;AW\jose-saraiva;jose-saraiva@adventureworks.com;185-555-0169;M;José Saraiva;185-555-0169;TRUE;M;2;23,0769;31;35;TRUE;TRUE;Sales;Sales Representative
289;272;987554265;502097814;David;Campbell;R;FALSE;Sales Representative;29/12/2010;11/09/1973;AW\david.campbell;david-campbell@adventureworks.com;740-555-0182;S;David Campbell;740-555-0182;TRUE;M;2;23,0769;23;31;TRUE;TRUE;Sales;Sales Representative
290;277;982310417;112432117;Amy;Alberts;E;FALSE;European Sales Manager;15/11/2011;20/04/1957;AW\amy-alberts;amy-alberts@adventureworks.com;775-555-0164;M;Amy Alberts;775-555-0164;TRUE;F;2;48,101;21;30;TRUE;TRUE;Sales;Sales Manager
291;290;668991357;982310417;Jae;Pak;B;FALSE;Sales Representative;29/12/2011;16/10/1967;AW\jae-pak;jae-pak@adventureworks.com;1 (11) 500 555-0145;M;Jae Pak;1 (11) 500 555-0145;TRUE;F;2;23,0769;37;38;TRUE;TRUE;Sales;Sales Representative
292;290;134219713;982310417;Ranjit;Varkey Chudukatil;R;FALSE;Sales Representative;29/12/2011;30/04/1975;AW\ranjit-varkey-chudukatil;ranjit-varkey-chudukatil@adventureworks.com;1 (11) 500 555-0117;S;Ranjit Varkey Chudukatil;1 (11) 500 555-0117;TRUE;M;2;23,0769;34;37;TRUE;TRUE;Sales;Sales Representative
293;272;90836195;502097814;Tete;Mensa-Annan;A;FALSE;Sales Representative;30/04/2012;05/08/1977;AW\tete-mensa-annan;tete-mensa-annan@adventureworks.com;615-555-0153;M;Tete Mensa-Annan;615-555-0153;TRUE;M;2;23,0769;39;39;TRUE;TRUE;Sales;Sales Representative
294;277;481044938;112432117;Syed;Abbas;E;FALSE;Pacific Sales Manager;12/10/2012;11/08/1974;AW\syed-abbas;syed-abbas@adventureworks.com;926-555-0182;M;Syed Abbas;926-555-0182;TRUE;M;2;48,101;20;30;TRUE;TRUE;Sales;Sales Manager
295;290;954276278;982310417;Rachel;Valdez;B;FALSE;Sales Representative;28/12/2012;06/02/1975;AW\rachel-valdez;rachel-valdez@adventureworks.com;1 (11) 500 555-0140;S;Rachel Valdez;1 (11) 500 555-0140;TRUE;F;2;23,0769;35;37;TRUE;TRUE;Sales;Sales Representative
296;294;758596752;481044938;Lynn;Tsoflias;N;FALSE;Sales Representative;28/12/2012;16/10/1970;AW\lynn-tsoflias;lynn-tsoflias@adventureworks.com;1 (11) 500 555-0190;S;Lynn Tsoflias;1 (11) 500 555-0190;TRUE;F;2;23,0769;36;38;TRUE;TRUE;Sales;Sales Representative
